<?xml version="1.0" encoding="UTF-8" ?>
<!DOCTYPE mapper PUBLIC "-//mybatis.org//DTD Mapper 3.0//EN" "http://mybatis.org/dtd/mybatis-3-mapper.dtd" >
<mapper namespace="com.javacj.core.dao.product.ProductDao" >
  <resultMap id="BaseResultMap" type="com.javacj.core.pojo.product.Product" >
    <id column="id" property="id" jdbcType="BIGINT" />
    <result column="brand_id" property="brandId" jdbcType="BIGINT" />
    <result column="name" property="name" jdbcType="VARCHAR" />
    <result column="weight" property="weight" jdbcType="REAL" />
    <result column="is_new" property="isNew" jdbcType="BIT" />
    <result column="is_hot" property="isHot" jdbcType="BIT" />
    <result column="is_commend" property="isCommend" jdbcType="BIT" />
    <result column="is_show" property="isShow" jdbcType="BIT" />
    <result column="img_url" property="imgUrl" jdbcType="VARCHAR" />
    <result column="is_del" property="isDel" jdbcType="BIT" />
    <result column="description" property="description" jdbcType="VARCHAR" />
    <result column="package_list" property="packageList" jdbcType="VARCHAR" />
    <result column="colors" property="colors" jdbcType="VARCHAR" />
    <result column="sizes" property="sizes" jdbcType="VARCHAR" />
    <result column="create_time" property="createTime" jdbcType="TIMESTAMP" />
  </resultMap>
  <sql id="Example_Where_Clause" >
    <where >
      <foreach collection="oredCriteria" item="criteria" separator="or" >
        <if test="criteria.valid" >
          <trim prefix="(" suffix=")" prefixOverrides="and" >
            <foreach collection="criteria.criteria" item="criterion" >
              <choose >
                <when test="criterion.noValue" >
                  and ${criterion.condition}
                </when>
                <when test="criterion.singleValue" >
                  and ${criterion.condition} #{criterion.value}
                </when>
                <when test="criterion.betweenValue" >
                  and ${criterion.condition} #{criterion.value} and #{criterion.secondValue}
                </when>
                <when test="criterion.listValue" >
                  and ${criterion.condition}
                  <foreach collection="criterion.value" item="listItem" open="(" close=")" separator="," >
                    #{listItem}
                  </foreach>
                </when>
              </choose>
            </foreach>
          </trim>
        </if>
      </foreach>
    </where>
  </sql>
  <sql id="Update_By_Example_Where_Clause" >
    <where >
      <foreach collection="example.oredCriteria" item="criteria" separator="or" >
        <if test="criteria.valid" >
          <trim prefix="(" suffix=")" prefixOverrides="and" >
            <foreach collection="criteria.criteria" item="criterion" >
              <choose >
                <when test="criterion.noValue" >
                  and ${criterion.condition}
                </when>
                <when test="criterion.singleValue" >
                  and ${criterion.condition} #{criterion.value}
                </when>
                <when test="criterion.betweenValue" >
                  and ${criterion.condition} #{criterion.value} and #{criterion.secondValue}
                </when>
                <when test="criterion.listValue" >
                  and ${criterion.condition}
                  <foreach collection="criterion.value" item="listItem" open="(" close=")" separator="," >
                    #{listItem}
                  </foreach>
                </when>
              </choose>
            </foreach>
          </trim>
        </if>
      </foreach>
    </where>
  </sql>
  <sql id="Base_Column_List" >
    <if test="fields == null" >
      id, brand_id, name, weight, is_new, is_hot, is_commend, is_show, img_url, is_del, 
      description, package_list, colors, sizes, create_time
    </if>
    <if test="fields != null" >
      ${fields}
    </if>
  </sql>
  <select id="selectByExample" resultMap="BaseResultMap" parameterType="com.javacj.core.pojo.product.ProductQuery" >
    select
    <if test="distinct" >
      distinct
    </if>
    <include refid="Base_Column_List" />
    from bbs_product
    <if test="_parameter != null" >
      <include refid="Example_Where_Clause" />
    </if>
    <if test="orderByClause != null" >
      order by ${orderByClause}
    </if>
    <if test="startRow != null" >
      limit #{startRow} , #{pageSize}
    </if>
  </select>
  <select id="selectByPrimaryKey" resultMap="BaseResultMap" parameterType="java.lang.Long" >
    select 
    id,brand_id,name,weight,is_new,is_hot,is_commend,is_show,img_url,is_del,description,package_list,colors,sizes,create_time
    from bbs_product
    where id = #{id,jdbcType=BIGINT}
  </select>
  <delete id="deleteByPrimaryKey" parameterType="java.lang.Long" >
    delete from bbs_product
    where id = #{id,jdbcType=BIGINT}
  </delete>
  <delete id="deleteByExample" parameterType="com.javacj.core.pojo.product.ProductQuery" >
    delete from bbs_product
    <if test="_parameter != null" >
      <include refid="Example_Where_Clause" />
    </if>
  </delete>
  <insert id="insert" parameterType="com.javacj.core.pojo.product.Product" >
    insert into bbs_product (id, brand_id, name, 
      weight, is_new, is_hot, is_commend, 
      is_show, img_url, is_del, description, 
      package_list, colors, sizes, 
      create_time)
    values (#{id,jdbcType=BIGINT}, #{brandId,jdbcType=BIGINT}, #{name,jdbcType=VARCHAR}, 
      #{weight,jdbcType=REAL}, #{isNew,jdbcType=BIT}, #{isHot,jdbcType=BIT}, #{isCommend,jdbcType=BIT}, 
      #{isShow,jdbcType=BIT}, #{imgUrl,jdbcType=VARCHAR}, #{isDel,jdbcType=BIT}, #{description,jdbcType=VARCHAR}, 
      #{packageList,jdbcType=VARCHAR}, #{colors,jdbcType=VARCHAR}, #{sizes,jdbcType=VARCHAR}, 
      #{createTime,jdbcType=TIMESTAMP})
  </insert>
  <insert id="insertSelective" parameterType="com.javacj.core.pojo.product.Product" >
    insert into bbs_product
    <trim prefix="(" suffix=")" suffixOverrides="," >
      <if test="id != null" >
        id,
      </if>
      <if test="brandId != null" >
        brand_id,
      </if>
      <if test="name != null" >
        name,
      </if>
      <if test="weight != null" >
        weight,
      </if>
      <if test="isNew != null" >
        is_new,
      </if>
      <if test="isHot != null" >
        is_hot,
      </if>
      <if test="isCommend != null" >
        is_commend,
      </if>
      <if test="isShow != null" >
        is_show,
      </if>
      <if test="imgUrl != null" >
        img_url,
      </if>
      <if test="isDel != null" >
        is_del,
      </if>
      <if test="description != null" >
        description,
      </if>
      <if test="packageList != null" >
        package_list,
      </if>
      <if test="colors != null" >
        colors,
      </if>
      <if test="sizes != null" >
        sizes,
      </if>
      <if test="createTime != null" >
        create_time,
      </if>
    </trim>
    <trim prefix="values (" suffix=")" suffixOverrides="," >
      <if test="id != null" >
        #{id,jdbcType=BIGINT},
      </if>
      <if test="brandId != null" >
        #{brandId,jdbcType=BIGINT},
      </if>
      <if test="name != null" >
        #{name,jdbcType=VARCHAR},
      </if>
      <if test="weight != null" >
        #{weight,jdbcType=REAL},
      </if>
      <if test="isNew != null" >
        #{isNew,jdbcType=BIT},
      </if>
      <if test="isHot != null" >
        #{isHot,jdbcType=BIT},
      </if>
      <if test="isCommend != null" >
        #{isCommend,jdbcType=BIT},
      </if>
      <if test="isShow != null" >
        #{isShow,jdbcType=BIT},
      </if>
      <if test="imgUrl != null" >
        #{imgUrl,jdbcType=VARCHAR},
      </if>
      <if test="isDel != null" >
        #{isDel,jdbcType=BIT},
      </if>
      <if test="description != null" >
        #{description,jdbcType=VARCHAR},
      </if>
      <if test="packageList != null" >
        #{packageList,jdbcType=VARCHAR},
      </if>
      <if test="colors != null" >
        #{colors,jdbcType=VARCHAR},
      </if>
      <if test="sizes != null" >
        #{sizes,jdbcType=VARCHAR},
      </if>
      <if test="createTime != null" >
        #{createTime,jdbcType=TIMESTAMP},
      </if>
    </trim>
  </insert>
  <select id="countByExample" parameterType="com.javacj.core.pojo.product.ProductQuery" resultType="java.lang.Integer" >
    select count(*) from bbs_product
    <if test="_parameter != null" >
      <include refid="Example_Where_Clause" />
    </if>
  </select>
  <update id="updateByExampleSelective" parameterType="map" >
    update bbs_product
    <set >
      <if test="record.id != null" >
        id = #{record.id,jdbcType=BIGINT},
      </if>
      <if test="record.brandId != null" >
        brand_id = #{record.brandId,jdbcType=BIGINT},
      </if>
      <if test="record.name != null" >
        name = #{record.name,jdbcType=VARCHAR},
      </if>
      <if test="record.weight != null" >
        weight = #{record.weight,jdbcType=REAL},
      </if>
      <if test="record.isNew != null" >
        is_new = #{record.isNew,jdbcType=BIT},
      </if>
      <if test="record.isHot != null" >
        is_hot = #{record.isHot,jdbcType=BIT},
      </if>
      <if test="record.isCommend != null" >
        is_commend = #{record.isCommend,jdbcType=BIT},
      </if>
      <if test="record.isShow != null" >
        is_show = #{record.isShow,jdbcType=BIT},
      </if>
      <if test="record.imgUrl != null" >
        img_url = #{record.imgUrl,jdbcType=VARCHAR},
      </if>
      <if test="record.isDel != null" >
        is_del = #{record.isDel,jdbcType=BIT},
      </if>
      <if test="record.description != null" >
        description = #{record.description,jdbcType=VARCHAR},
      </if>
      <if test="record.packageList != null" >
        package_list = #{record.packageList,jdbcType=VARCHAR},
      </if>
      <if test="record.colors != null" >
        colors = #{record.colors,jdbcType=VARCHAR},
      </if>
      <if test="record.sizes != null" >
        sizes = #{record.sizes,jdbcType=VARCHAR},
      </if>
      <if test="record.createTime != null" >
        create_time = #{record.createTime,jdbcType=TIMESTAMP},
      </if>
    </set>
    <if test="_parameter != null" >
      <include refid="Update_By_Example_Where_Clause" />
    </if>
  </update>
  <update id="updateByExample" parameterType="map" >
    update bbs_product
    set id = #{record.id,jdbcType=BIGINT},
      brand_id = #{record.brandId,jdbcType=BIGINT},
      name = #{record.name,jdbcType=VARCHAR},
      weight = #{record.weight,jdbcType=REAL},
      is_new = #{record.isNew,jdbcType=BIT},
      is_hot = #{record.isHot,jdbcType=BIT},
      is_commend = #{record.isCommend,jdbcType=BIT},
      is_show = #{record.isShow,jdbcType=BIT},
      img_url = #{record.imgUrl,jdbcType=VARCHAR},
      is_del = #{record.isDel,jdbcType=BIT},
      description = #{record.description,jdbcType=VARCHAR},
      package_list = #{record.packageList,jdbcType=VARCHAR},
      colors = #{record.colors,jdbcType=VARCHAR},
      sizes = #{record.sizes,jdbcType=VARCHAR},
      create_time = #{record.createTime,jdbcType=TIMESTAMP}
    <if test="_parameter != null" >
      <include refid="Update_By_Example_Where_Clause" />
    </if>
  </update>
  <update id="updateByPrimaryKeySelective" parameterType="com.javacj.core.pojo.product.Product" >
    update bbs_product
    <set >
      <if test="brandId != null" >
        brand_id = #{brandId,jdbcType=BIGINT},
      </if>
      <if test="name != null" >
        name = #{name,jdbcType=VARCHAR},
      </if>
      <if test="weight != null" >
        weight = #{weight,jdbcType=REAL},
      </if>
      <if test="isNew != null" >
        is_new = #{isNew,jdbcType=BIT},
      </if>
      <if test="isHot != null" >
        is_hot = #{isHot,jdbcType=BIT},
      </if>
      <if test="isCommend != null" >
        is_commend = #{isCommend,jdbcType=BIT},
      </if>
      <if test="isShow != null" >
        is_show = #{isShow,jdbcType=BIT},
      </if>
      <if test="imgUrl != null" >
        img_url = #{imgUrl,jdbcType=VARCHAR},
      </if>
      <if test="isDel != null" >
        is_del = #{isDel,jdbcType=BIT},
      </if>
      <if test="description != null" >
        description = #{description,jdbcType=VARCHAR},
      </if>
      <if test="packageList != null" >
        package_list = #{packageList,jdbcType=VARCHAR},
      </if>
      <if test="colors != null" >
        colors = #{colors,jdbcType=VARCHAR},
      </if>
      <if test="sizes != null" >
        sizes = #{sizes,jdbcType=VARCHAR},
      </if>
      <if test="createTime != null" >
        create_time = #{createTime,jdbcType=TIMESTAMP},
      </if>
    </set>
    where id = #{id,jdbcType=BIGINT}
  </update>
  <update id="updateByPrimaryKey" parameterType="com.javacj.core.pojo.product.Product" >
    update bbs_product
    set brand_id = #{brandId,jdbcType=BIGINT},
      name = #{name,jdbcType=VARCHAR},
      weight = #{weight,jdbcType=REAL},
      is_new = #{isNew,jdbcType=BIT},
      is_hot = #{isHot,jdbcType=BIT},
      is_commend = #{isCommend,jdbcType=BIT},
      is_show = #{isShow,jdbcType=BIT},
      img_url = #{imgUrl,jdbcType=VARCHAR},
      is_del = #{isDel,jdbcType=BIT},
      description = #{description,jdbcType=VARCHAR},
      package_list = #{packageList,jdbcType=VARCHAR},
      colors = #{colors,jdbcType=VARCHAR},
      sizes = #{sizes,jdbcType=VARCHAR},
      create_time = #{createTime,jdbcType=TIMESTAMP}
    where id = #{id,jdbcType=BIGINT}
  </update>
</mapper>