<?xml version="1.0" encoding="UTF-8" ?>
<!DOCTYPE mapper PUBLIC "-//mybatis.org//DTD Mapper 3.0//EN" "http://mybatis.org/dtd/mybatis-3-mapper.dtd" >
<mapper namespace="com.javacj.core.dao.product.SkuDao" >
  <resultMap id="BaseResultMap" type="com.javacj.core.pojo.product.Sku" >
    <id column="id" property="id" jdbcType="BIGINT" />
    <result column="product_id" property="productId" jdbcType="BIGINT" />
    <result column="color_id" property="colorId" jdbcType="BIGINT" />
    <result column="size" property="size" jdbcType="VARCHAR" />
    <result column="market_price" property="marketPrice" jdbcType="REAL" />
    <result column="price" property="price" jdbcType="REAL" />
    <result column="delive_fee" property="deliveFee" jdbcType="REAL" />
    <result column="stock" property="stock" jdbcType="INTEGER" />
    <result column="upper_limit" property="upperLimit" jdbcType="INTEGER" />
    <result column="create_time" property="createTime" jdbcType="TIMESTAMP" />
  </resultMap>
  <sql id="Example_Where_Clause" >
    <where >
      <foreach collection="oredCriteria" item="criteria" separator="or" >
        <if test="criteria.valid" >
          <trim prefix="(" suffix=")" prefixOverrides="and" >
            <foreach collection="criteria.criteria" item="criterion" >
              <choose >
                <when test="criterion.noValue" >
                  and ${criterion.condition}
                </when>
                <when test="criterion.singleValue" >
                  and ${criterion.condition} #{criterion.value}
                </when>
                <when test="criterion.betweenValue" >
                  and ${criterion.condition} #{criterion.value} and #{criterion.secondValue}
                </when>
                <when test="criterion.listValue" >
                  and ${criterion.condition}
                  <foreach collection="criterion.value" item="listItem" open="(" close=")" separator="," >
                    #{listItem}
                  </foreach>
                </when>
              </choose>
            </foreach>
          </trim>
        </if>
      </foreach>
    </where>
  </sql>
  <sql id="Update_By_Example_Where_Clause" >
    <where >
      <foreach collection="example.oredCriteria" item="criteria" separator="or" >
        <if test="criteria.valid" >
          <trim prefix="(" suffix=")" prefixOverrides="and" >
            <foreach collection="criteria.criteria" item="criterion" >
              <choose >
                <when test="criterion.noValue" >
                  and ${criterion.condition}
                </when>
                <when test="criterion.singleValue" >
                  and ${criterion.condition} #{criterion.value}
                </when>
                <when test="criterion.betweenValue" >
                  and ${criterion.condition} #{criterion.value} and #{criterion.secondValue}
                </when>
                <when test="criterion.listValue" >
                  and ${criterion.condition}
                  <foreach collection="criterion.value" item="listItem" open="(" close=")" separator="," >
                    #{listItem}
                  </foreach>
                </when>
              </choose>
            </foreach>
          </trim>
        </if>
      </foreach>
    </where>
  </sql>
  <sql id="Base_Column_List" >
    <if test="fields == null" >
      id, product_id, color_id, size, market_price, price, delive_fee, stock, upper_limit, 
      create_time
    </if>
    <if test="fields != null" >
      ${fields}
    </if>
  </sql>
  <select id="selectByExample" resultMap="BaseResultMap" parameterType="com.javacj.core.pojo.product.SkuQuery" >
    select
    <if test="distinct" >
      distinct
    </if>
    <include refid="Base_Column_List" />
    from bbs_sku
    <if test="_parameter != null" >
      <include refid="Example_Where_Clause" />
    </if>
    <if test="orderByClause != null" >
      order by ${orderByClause}
    </if>
    <if test="startRow != null" >
      limit #{startRow} , #{pageSize}
    </if>
  </select>
  <select id="selectByPrimaryKey" resultMap="BaseResultMap" parameterType="java.lang.Long" >
    select 
    id,product_id,color_id,size,market_price,price,delive_fee,stock,upper_limit,create_time
    from bbs_sku
    where id = #{id,jdbcType=BIGINT}
  </select>
  <delete id="deleteByPrimaryKey" parameterType="java.lang.Long" >
    delete from bbs_sku
    where id = #{id,jdbcType=BIGINT}
  </delete>
  <delete id="deleteByExample" parameterType="com.javacj.core.pojo.product.SkuQuery" >
    delete from bbs_sku
    <if test="_parameter != null" >
      <include refid="Example_Where_Clause" />
    </if>
  </delete>
  <insert id="insert" parameterType="com.javacj.core.pojo.product.Sku" >
    insert into bbs_sku (id, product_id, color_id, 
      size, market_price, price, 
      delive_fee, stock, upper_limit, 
      create_time)
    values (#{id,jdbcType=BIGINT}, #{productId,jdbcType=BIGINT}, #{colorId,jdbcType=BIGINT}, 
      #{size,jdbcType=VARCHAR}, #{marketPrice,jdbcType=REAL}, #{price,jdbcType=REAL}, 
      #{deliveFee,jdbcType=REAL}, #{stock,jdbcType=INTEGER}, #{upperLimit,jdbcType=INTEGER}, 
      #{createTime,jdbcType=TIMESTAMP})
  </insert>
  <insert id="insertSelective" parameterType="com.javacj.core.pojo.product.Sku" >
    insert into bbs_sku
    <trim prefix="(" suffix=")" suffixOverrides="," >
      <if test="id != null" >
        id,
      </if>
      <if test="productId != null" >
        product_id,
      </if>
      <if test="colorId != null" >
        color_id,
      </if>
      <if test="size != null" >
        size,
      </if>
      <if test="marketPrice != null" >
        market_price,
      </if>
      <if test="price != null" >
        price,
      </if>
      <if test="deliveFee != null" >
        delive_fee,
      </if>
      <if test="stock != null" >
        stock,
      </if>
      <if test="upperLimit != null" >
        upper_limit,
      </if>
      <if test="createTime != null" >
        create_time,
      </if>
    </trim>
    <trim prefix="values (" suffix=")" suffixOverrides="," >
      <if test="id != null" >
        #{id,jdbcType=BIGINT},
      </if>
      <if test="productId != null" >
        #{productId,jdbcType=BIGINT},
      </if>
      <if test="colorId != null" >
        #{colorId,jdbcType=BIGINT},
      </if>
      <if test="size != null" >
        #{size,jdbcType=VARCHAR},
      </if>
      <if test="marketPrice != null" >
        #{marketPrice,jdbcType=REAL},
      </if>
      <if test="price != null" >
        #{price,jdbcType=REAL},
      </if>
      <if test="deliveFee != null" >
        #{deliveFee,jdbcType=REAL},
      </if>
      <if test="stock != null" >
        #{stock,jdbcType=INTEGER},
      </if>
      <if test="upperLimit != null" >
        #{upperLimit,jdbcType=INTEGER},
      </if>
      <if test="createTime != null" >
        #{createTime,jdbcType=TIMESTAMP},
      </if>
    </trim>
  </insert>
  <select id="countByExample" parameterType="com.javacj.core.pojo.product.SkuQuery" resultType="java.lang.Integer" >
    select count(*) from bbs_sku
    <if test="_parameter != null" >
      <include refid="Example_Where_Clause" />
    </if>
  </select>
  <update id="updateByExampleSelective" parameterType="map" >
    update bbs_sku
    <set >
      <if test="record.id != null" >
        id = #{record.id,jdbcType=BIGINT},
      </if>
      <if test="record.productId != null" >
        product_id = #{record.productId,jdbcType=BIGINT},
      </if>
      <if test="record.colorId != null" >
        color_id = #{record.colorId,jdbcType=BIGINT},
      </if>
      <if test="record.size != null" >
        size = #{record.size,jdbcType=VARCHAR},
      </if>
      <if test="record.marketPrice != null" >
        market_price = #{record.marketPrice,jdbcType=REAL},
      </if>
      <if test="record.price != null" >
        price = #{record.price,jdbcType=REAL},
      </if>
      <if test="record.deliveFee != null" >
        delive_fee = #{record.deliveFee,jdbcType=REAL},
      </if>
      <if test="record.stock != null" >
        stock = #{record.stock,jdbcType=INTEGER},
      </if>
      <if test="record.upperLimit != null" >
        upper_limit = #{record.upperLimit,jdbcType=INTEGER},
      </if>
      <if test="record.createTime != null" >
        create_time = #{record.createTime,jdbcType=TIMESTAMP},
      </if>
    </set>
    <if test="_parameter != null" >
      <include refid="Update_By_Example_Where_Clause" />
    </if>
  </update>
  <update id="updateByExample" parameterType="map" >
    update bbs_sku
    set id = #{record.id,jdbcType=BIGINT},
      product_id = #{record.productId,jdbcType=BIGINT},
      color_id = #{record.colorId,jdbcType=BIGINT},
      size = #{record.size,jdbcType=VARCHAR},
      market_price = #{record.marketPrice,jdbcType=REAL},
      price = #{record.price,jdbcType=REAL},
      delive_fee = #{record.deliveFee,jdbcType=REAL},
      stock = #{record.stock,jdbcType=INTEGER},
      upper_limit = #{record.upperLimit,jdbcType=INTEGER},
      create_time = #{record.createTime,jdbcType=TIMESTAMP}
    <if test="_parameter != null" >
      <include refid="Update_By_Example_Where_Clause" />
    </if>
  </update>
  <update id="updateByPrimaryKeySelective" parameterType="com.javacj.core.pojo.product.Sku" >
    update bbs_sku
    <set >
      <if test="productId != null" >
        product_id = #{productId,jdbcType=BIGINT},
      </if>
      <if test="colorId != null" >
        color_id = #{colorId,jdbcType=BIGINT},
      </if>
      <if test="size != null" >
        size = #{size,jdbcType=VARCHAR},
      </if>
      <if test="marketPrice != null" >
        market_price = #{marketPrice,jdbcType=REAL},
      </if>
      <if test="price != null" >
        price = #{price,jdbcType=REAL},
      </if>
      <if test="deliveFee != null" >
        delive_fee = #{deliveFee,jdbcType=REAL},
      </if>
      <if test="stock != null" >
        stock = #{stock,jdbcType=INTEGER},
      </if>
      <if test="upperLimit != null" >
        upper_limit = #{upperLimit,jdbcType=INTEGER},
      </if>
      <if test="createTime != null" >
        create_time = #{createTime,jdbcType=TIMESTAMP},
      </if>
    </set>
    where id = #{id,jdbcType=BIGINT}
  </update>
  <update id="updateByPrimaryKey" parameterType="com.javacj.core.pojo.product.Sku" >
    update bbs_sku
    set product_id = #{productId,jdbcType=BIGINT},
      color_id = #{colorId,jdbcType=BIGINT},
      size = #{size,jdbcType=VARCHAR},
      market_price = #{marketPrice,jdbcType=REAL},
      price = #{price,jdbcType=REAL},
      delive_fee = #{deliveFee,jdbcType=REAL},
      stock = #{stock,jdbcType=INTEGER},
      upper_limit = #{upperLimit,jdbcType=INTEGER},
      create_time = #{createTime,jdbcType=TIMESTAMP}
    where id = #{id,jdbcType=BIGINT}
  </update>
</mapper>