<?xml version="1.0" encoding="UTF-8" ?>
<!DOCTYPE mapper PUBLIC "-//mybatis.org//DTD Mapper 3.0//EN" "http://mybatis.org/dtd/mybatis-3-mapper.dtd" >
<mapper namespace="com.javacj.core.dao.order.OrderDao" >
  <resultMap id="BaseResultMap" type="com.javacj.core.pojo.order.Order" >
    <id column="id" property="id" jdbcType="BIGINT" />
    <result column="deliver_fee" property="deliverFee" jdbcType="REAL" />
    <result column="total_price" property="totalPrice" jdbcType="REAL" />
    <result column="order_price" property="orderPrice" jdbcType="REAL" />
    <result column="payment_way" property="paymentWay" jdbcType="BIT" />
    <result column="payment_cash" property="paymentCash" jdbcType="BIT" />
    <result column="delivery" property="delivery" jdbcType="BIT" />
    <result column="is_confirm" property="isConfirm" jdbcType="BIT" />
    <result column="is_paiy" property="isPaiy" jdbcType="BIT" />
    <result column="order_state" property="orderState" jdbcType="BIT" />
    <result column="create_date" property="createDate" jdbcType="TIMESTAMP" />
    <result column="note" property="note" jdbcType="VARCHAR" />
    <result column="buyer_id" property="buyerId" jdbcType="BIGINT" />
  </resultMap>
  <sql id="Example_Where_Clause" >
    <where >
      <foreach collection="oredCriteria" item="criteria" separator="or" >
        <if test="criteria.valid" >
          <trim prefix="(" suffix=")" prefixOverrides="and" >
            <foreach collection="criteria.criteria" item="criterion" >
              <choose >
                <when test="criterion.noValue" >
                  and ${criterion.condition}
                </when>
                <when test="criterion.singleValue" >
                  and ${criterion.condition} #{criterion.value}
                </when>
                <when test="criterion.betweenValue" >
                  and ${criterion.condition} #{criterion.value} and #{criterion.secondValue}
                </when>
                <when test="criterion.listValue" >
                  and ${criterion.condition}
                  <foreach collection="criterion.value" item="listItem" open="(" close=")" separator="," >
                    #{listItem}
                  </foreach>
                </when>
              </choose>
            </foreach>
          </trim>
        </if>
      </foreach>
    </where>
  </sql>
  <sql id="Update_By_Example_Where_Clause" >
    <where >
      <foreach collection="example.oredCriteria" item="criteria" separator="or" >
        <if test="criteria.valid" >
          <trim prefix="(" suffix=")" prefixOverrides="and" >
            <foreach collection="criteria.criteria" item="criterion" >
              <choose >
                <when test="criterion.noValue" >
                  and ${criterion.condition}
                </when>
                <when test="criterion.singleValue" >
                  and ${criterion.condition} #{criterion.value}
                </when>
                <when test="criterion.betweenValue" >
                  and ${criterion.condition} #{criterion.value} and #{criterion.secondValue}
                </when>
                <when test="criterion.listValue" >
                  and ${criterion.condition}
                  <foreach collection="criterion.value" item="listItem" open="(" close=")" separator="," >
                    #{listItem}
                  </foreach>
                </when>
              </choose>
            </foreach>
          </trim>
        </if>
      </foreach>
    </where>
  </sql>
  <sql id="Base_Column_List" >
    <if test="fields == null" >
      id, deliver_fee, total_price, order_price, payment_way, payment_cash, delivery, is_confirm, 
      is_paiy, order_state, create_date, note, buyer_id
    </if>
    <if test="fields != null" >
      ${fields}
    </if>
  </sql>
  <select id="selectByExample" resultMap="BaseResultMap" parameterType="com.javacj.core.pojo.order.OrderQuery" >
    select
    <if test="distinct" >
      distinct
    </if>
    <include refid="Base_Column_List" />
    from bbs_order
    <if test="_parameter != null" >
      <include refid="Example_Where_Clause" />
    </if>
    <if test="orderByClause != null" >
      order by ${orderByClause}
    </if>
    <if test="startRow != null" >
      limit #{startRow} , #{pageSize}
    </if>
  </select>
  <select id="selectByPrimaryKey" resultMap="BaseResultMap" parameterType="java.lang.Long" >
    select 
    id,deliver_fee,total_price,order_price,payment_way,payment_cash,delivery,is_confirm,is_paiy,order_state,create_date,note,buyer_id
    from bbs_order
    where id = #{id,jdbcType=BIGINT}
  </select>
  <delete id="deleteByPrimaryKey" parameterType="java.lang.Long" >
    delete from bbs_order
    where id = #{id,jdbcType=BIGINT}
  </delete>
  <delete id="deleteByExample" parameterType="com.javacj.core.pojo.order.OrderQuery" >
    delete from bbs_order
    <if test="_parameter != null" >
      <include refid="Example_Where_Clause" />
    </if>
  </delete>
  <insert id="insert" parameterType="com.javacj.core.pojo.order.Order" >
    insert into bbs_order (id, deliver_fee, total_price, 
      order_price, payment_way, payment_cash, 
      delivery, is_confirm, is_paiy, order_state, 
      create_date, note, buyer_id
      )
    values (#{id,jdbcType=BIGINT}, #{deliverFee,jdbcType=REAL}, #{totalPrice,jdbcType=REAL}, 
      #{orderPrice,jdbcType=REAL}, #{paymentWay,jdbcType=BIT}, #{paymentCash,jdbcType=BIT}, 
      #{delivery,jdbcType=BIT}, #{isConfirm,jdbcType=BIT}, #{isPaiy,jdbcType=BIT}, #{orderState,jdbcType=BIT}, 
      #{createDate,jdbcType=TIMESTAMP}, #{note,jdbcType=VARCHAR}, #{buyerId,jdbcType=BIGINT}
      )
  </insert>
  <insert id="insertSelective" parameterType="com.javacj.core.pojo.order.Order" >
    insert into bbs_order
    <trim prefix="(" suffix=")" suffixOverrides="," >
      <if test="id != null" >
        id,
      </if>
      <if test="deliverFee != null" >
        deliver_fee,
      </if>
      <if test="totalPrice != null" >
        total_price,
      </if>
      <if test="orderPrice != null" >
        order_price,
      </if>
      <if test="paymentWay != null" >
        payment_way,
      </if>
      <if test="paymentCash != null" >
        payment_cash,
      </if>
      <if test="delivery != null" >
        delivery,
      </if>
      <if test="isConfirm != null" >
        is_confirm,
      </if>
      <if test="isPaiy != null" >
        is_paiy,
      </if>
      <if test="orderState != null" >
        order_state,
      </if>
      <if test="createDate != null" >
        create_date,
      </if>
      <if test="note != null" >
        note,
      </if>
      <if test="buyerId != null" >
        buyer_id,
      </if>
    </trim>
    <trim prefix="values (" suffix=")" suffixOverrides="," >
      <if test="id != null" >
        #{id,jdbcType=BIGINT},
      </if>
      <if test="deliverFee != null" >
        #{deliverFee,jdbcType=REAL},
      </if>
      <if test="totalPrice != null" >
        #{totalPrice,jdbcType=REAL},
      </if>
      <if test="orderPrice != null" >
        #{orderPrice,jdbcType=REAL},
      </if>
      <if test="paymentWay != null" >
        #{paymentWay,jdbcType=BIT},
      </if>
      <if test="paymentCash != null" >
        #{paymentCash,jdbcType=BIT},
      </if>
      <if test="delivery != null" >
        #{delivery,jdbcType=BIT},
      </if>
      <if test="isConfirm != null" >
        #{isConfirm,jdbcType=BIT},
      </if>
      <if test="isPaiy != null" >
        #{isPaiy,jdbcType=BIT},
      </if>
      <if test="orderState != null" >
        #{orderState,jdbcType=BIT},
      </if>
      <if test="createDate != null" >
        #{createDate,jdbcType=TIMESTAMP},
      </if>
      <if test="note != null" >
        #{note,jdbcType=VARCHAR},
      </if>
      <if test="buyerId != null" >
        #{buyerId,jdbcType=BIGINT},
      </if>
    </trim>
  </insert>
  <select id="countByExample" parameterType="com.javacj.core.pojo.order.OrderQuery" resultType="java.lang.Integer" >
    select count(*) from bbs_order
    <if test="_parameter != null" >
      <include refid="Example_Where_Clause" />
    </if>
  </select>
  <update id="updateByExampleSelective" parameterType="map" >
    update bbs_order
    <set >
      <if test="record.id != null" >
        id = #{record.id,jdbcType=BIGINT},
      </if>
      <if test="record.deliverFee != null" >
        deliver_fee = #{record.deliverFee,jdbcType=REAL},
      </if>
      <if test="record.totalPrice != null" >
        total_price = #{record.totalPrice,jdbcType=REAL},
      </if>
      <if test="record.orderPrice != null" >
        order_price = #{record.orderPrice,jdbcType=REAL},
      </if>
      <if test="record.paymentWay != null" >
        payment_way = #{record.paymentWay,jdbcType=BIT},
      </if>
      <if test="record.paymentCash != null" >
        payment_cash = #{record.paymentCash,jdbcType=BIT},
      </if>
      <if test="record.delivery != null" >
        delivery = #{record.delivery,jdbcType=BIT},
      </if>
      <if test="record.isConfirm != null" >
        is_confirm = #{record.isConfirm,jdbcType=BIT},
      </if>
      <if test="record.isPaiy != null" >
        is_paiy = #{record.isPaiy,jdbcType=BIT},
      </if>
      <if test="record.orderState != null" >
        order_state = #{record.orderState,jdbcType=BIT},
      </if>
      <if test="record.createDate != null" >
        create_date = #{record.createDate,jdbcType=TIMESTAMP},
      </if>
      <if test="record.note != null" >
        note = #{record.note,jdbcType=VARCHAR},
      </if>
      <if test="record.buyerId != null" >
        buyer_id = #{record.buyerId,jdbcType=BIGINT},
      </if>
    </set>
    <if test="_parameter != null" >
      <include refid="Update_By_Example_Where_Clause" />
    </if>
  </update>
  <update id="updateByExample" parameterType="map" >
    update bbs_order
    set id = #{record.id,jdbcType=BIGINT},
      deliver_fee = #{record.deliverFee,jdbcType=REAL},
      total_price = #{record.totalPrice,jdbcType=REAL},
      order_price = #{record.orderPrice,jdbcType=REAL},
      payment_way = #{record.paymentWay,jdbcType=BIT},
      payment_cash = #{record.paymentCash,jdbcType=BIT},
      delivery = #{record.delivery,jdbcType=BIT},
      is_confirm = #{record.isConfirm,jdbcType=BIT},
      is_paiy = #{record.isPaiy,jdbcType=BIT},
      order_state = #{record.orderState,jdbcType=BIT},
      create_date = #{record.createDate,jdbcType=TIMESTAMP},
      note = #{record.note,jdbcType=VARCHAR},
      buyer_id = #{record.buyerId,jdbcType=BIGINT}
    <if test="_parameter != null" >
      <include refid="Update_By_Example_Where_Clause" />
    </if>
  </update>
  <update id="updateByPrimaryKeySelective" parameterType="com.javacj.core.pojo.order.Order" >
    update bbs_order
    <set >
      <if test="deliverFee != null" >
        deliver_fee = #{deliverFee,jdbcType=REAL},
      </if>
      <if test="totalPrice != null" >
        total_price = #{totalPrice,jdbcType=REAL},
      </if>
      <if test="orderPrice != null" >
        order_price = #{orderPrice,jdbcType=REAL},
      </if>
      <if test="paymentWay != null" >
        payment_way = #{paymentWay,jdbcType=BIT},
      </if>
      <if test="paymentCash != null" >
        payment_cash = #{paymentCash,jdbcType=BIT},
      </if>
      <if test="delivery != null" >
        delivery = #{delivery,jdbcType=BIT},
      </if>
      <if test="isConfirm != null" >
        is_confirm = #{isConfirm,jdbcType=BIT},
      </if>
      <if test="isPaiy != null" >
        is_paiy = #{isPaiy,jdbcType=BIT},
      </if>
      <if test="orderState != null" >
        order_state = #{orderState,jdbcType=BIT},
      </if>
      <if test="createDate != null" >
        create_date = #{createDate,jdbcType=TIMESTAMP},
      </if>
      <if test="note != null" >
        note = #{note,jdbcType=VARCHAR},
      </if>
      <if test="buyerId != null" >
        buyer_id = #{buyerId,jdbcType=BIGINT},
      </if>
    </set>
    where id = #{id,jdbcType=BIGINT}
  </update>
  <update id="updateByPrimaryKey" parameterType="com.javacj.core.pojo.order.Order" >
    update bbs_order
    set deliver_fee = #{deliverFee,jdbcType=REAL},
      total_price = #{totalPrice,jdbcType=REAL},
      order_price = #{orderPrice,jdbcType=REAL},
      payment_way = #{paymentWay,jdbcType=BIT},
      payment_cash = #{paymentCash,jdbcType=BIT},
      delivery = #{delivery,jdbcType=BIT},
      is_confirm = #{isConfirm,jdbcType=BIT},
      is_paiy = #{isPaiy,jdbcType=BIT},
      order_state = #{orderState,jdbcType=BIT},
      create_date = #{createDate,jdbcType=TIMESTAMP},
      note = #{note,jdbcType=VARCHAR},
      buyer_id = #{buyerId,jdbcType=BIGINT}
    where id = #{id,jdbcType=BIGINT}
  </update>
</mapper>