<?xml version="1.0" encoding="UTF-8"?>
<!DOCTYPE mapper PUBLIC "-//mybatis.org//DTD Mapper 3.0//EN" "http://mybatis.org/dtd/mybatis-3-mapper.dtd">
<mapper namespace="com.dawei.core.dao.user.BuyerDao">
  <resultMap id="BaseResultMap" type="com.dawei.core.pojo.user.Buyer">
    <id column="id" jdbcType="BIGINT" property="id" />
    <result column="username" jdbcType="VARCHAR" property="username" />
    <result column="password" jdbcType="VARCHAR" property="password" />
    <result column="gender" jdbcType="INTEGER" property="gender" />
    <result column="email" jdbcType="VARCHAR" property="email" />
    <result column="real_name" jdbcType="VARCHAR" property="realName" />
    <result column="register_time" jdbcType="TIMESTAMP" property="registerTime" />
    <result column="province" jdbcType="VARCHAR" property="province" />
    <result column="city" jdbcType="VARCHAR" property="city" />
    <result column="town" jdbcType="VARCHAR" property="town" />
    <result column="addr" jdbcType="VARCHAR" property="addr" />
    <result column="is_del" jdbcType="BIT" property="isDel" />
  </resultMap>
  <sql id="Example_Where_Clause">
    <where>
      <foreach collection="oredCriteria" item="criteria" separator="or">
        <if test="criteria.valid">
          <trim prefix="(" prefixOverrides="and" suffix=")">
            <foreach collection="criteria.criteria" item="criterion">
              <choose>
                <when test="criterion.noValue">
                  and ${criterion.condition}
                </when>
                <when test="criterion.singleValue">
                  and ${criterion.condition} #{criterion.value}
                </when>
                <when test="criterion.betweenValue">
                  and ${criterion.condition} #{criterion.value} and #{criterion.secondValue}
                </when>
                <when test="criterion.listValue">
                  and ${criterion.condition}
                  <foreach close=")" collection="criterion.value" item="listItem" open="(" separator=",">
                    #{listItem}
                  </foreach>
                </when>
              </choose>
            </foreach>
          </trim>
        </if>
      </foreach>
    </where>
  </sql>
  <sql id="Update_By_Example_Where_Clause">
    <where>
      <foreach collection="example.oredCriteria" item="criteria" separator="or">
        <if test="criteria.valid">
          <trim prefix="(" prefixOverrides="and" suffix=")">
            <foreach collection="criteria.criteria" item="criterion">
              <choose>
                <when test="criterion.noValue">
                  and ${criterion.condition}
                </when>
                <when test="criterion.singleValue">
                  and ${criterion.condition} #{criterion.value}
                </when>
                <when test="criterion.betweenValue">
                  and ${criterion.condition} #{criterion.value} and #{criterion.secondValue}
                </when>
                <when test="criterion.listValue">
                  and ${criterion.condition}
                  <foreach close=")" collection="criterion.value" item="listItem" open="(" separator=",">
                    #{listItem}
                  </foreach>
                </when>
              </choose>
            </foreach>
          </trim>
        </if>
      </foreach>
    </where>
  </sql>
  <sql id="Base_Column_List">
    <if test="fields == null">
      id, username, password, gender, email, real_name, register_time, province, city, 
      town, addr, is_del
    </if>
    <if test="fields != null">
      ${fields}
    </if>
  </sql>
  <select id="selectByExample" parameterType="com.dawei.core.pojo.user.BuyerQuery" resultMap="BaseResultMap">
    select
    <if test="distinct">
      distinct
    </if>
    <include refid="Base_Column_List" />
    from bbs_buyer
    <if test="_parameter != null">
      <include refid="Example_Where_Clause" />
    </if>
    <if test="orderByClause != null">
      order by ${orderByClause}
    </if>
    <if test="startRow != null">
      limit #{startRow} , #{pageSize}
    </if>
  </select>
  <select id="selectByPrimaryKey" parameterType="java.lang.Long" resultMap="BaseResultMap">
    select 
    id,username,password,gender,email,real_name,register_time,province,city,town,addr,is_del
    from bbs_buyer
    where id = #{id,jdbcType=BIGINT}
  </select>
  <delete id="deleteByPrimaryKey" parameterType="java.lang.Long">
    delete from bbs_buyer
    where id = #{id,jdbcType=BIGINT}
  </delete>
  <delete id="deleteByExample" parameterType="com.dawei.core.pojo.user.BuyerQuery">
    delete from bbs_buyer
    <if test="_parameter != null">
      <include refid="Example_Where_Clause" />
    </if>
  </delete>
  <insert id="insert" parameterType="com.dawei.core.pojo.user.Buyer">
    insert into bbs_buyer (id, username, password, 
      gender, email, real_name, 
      register_time, province, city, 
      town, addr, is_del)
    values (#{id,jdbcType=BIGINT}, #{username,jdbcType=VARCHAR}, #{password,jdbcType=VARCHAR}, 
      #{gender,jdbcType=INTEGER}, #{email,jdbcType=VARCHAR}, #{realName,jdbcType=VARCHAR}, 
      #{registerTime,jdbcType=TIMESTAMP}, #{province,jdbcType=VARCHAR}, #{city,jdbcType=VARCHAR}, 
      #{town,jdbcType=VARCHAR}, #{addr,jdbcType=VARCHAR}, #{isDel,jdbcType=BIT})
  </insert>
  <insert id="insertSelective" parameterType="com.dawei.core.pojo.user.Buyer">
    insert into bbs_buyer
    <trim prefix="(" suffix=")" suffixOverrides=",">
      <if test="id != null">
        id,
      </if>
      <if test="username != null">
        username,
      </if>
      <if test="password != null">
        password,
      </if>
      <if test="gender != null">
        gender,
      </if>
      <if test="email != null">
        email,
      </if>
      <if test="realName != null">
        real_name,
      </if>
      <if test="registerTime != null">
        register_time,
      </if>
      <if test="province != null">
        province,
      </if>
      <if test="city != null">
        city,
      </if>
      <if test="town != null">
        town,
      </if>
      <if test="addr != null">
        addr,
      </if>
      <if test="isDel != null">
        is_del,
      </if>
    </trim>
    <trim prefix="values (" suffix=")" suffixOverrides=",">
      <if test="id != null">
        #{id,jdbcType=BIGINT},
      </if>
      <if test="username != null">
        #{username,jdbcType=VARCHAR},
      </if>
      <if test="password != null">
        #{password,jdbcType=VARCHAR},
      </if>
      <if test="gender != null">
        #{gender,jdbcType=INTEGER},
      </if>
      <if test="email != null">
        #{email,jdbcType=VARCHAR},
      </if>
      <if test="realName != null">
        #{realName,jdbcType=VARCHAR},
      </if>
      <if test="registerTime != null">
        #{registerTime,jdbcType=TIMESTAMP},
      </if>
      <if test="province != null">
        #{province,jdbcType=VARCHAR},
      </if>
      <if test="city != null">
        #{city,jdbcType=VARCHAR},
      </if>
      <if test="town != null">
        #{town,jdbcType=VARCHAR},
      </if>
      <if test="addr != null">
        #{addr,jdbcType=VARCHAR},
      </if>
      <if test="isDel != null">
        #{isDel,jdbcType=BIT},
      </if>
    </trim>
  </insert>
  <select id="countByExample" parameterType="com.dawei.core.pojo.user.BuyerQuery" resultType="java.lang.Integer">
    select count(*) from bbs_buyer
    <if test="_parameter != null">
      <include refid="Example_Where_Clause" />
    </if>
  </select>
  <update id="updateByExampleSelective" parameterType="map">
    update bbs_buyer
    <set>
      <if test="record.id != null">
        id = #{record.id,jdbcType=BIGINT},
      </if>
      <if test="record.username != null">
        username = #{record.username,jdbcType=VARCHAR},
      </if>
      <if test="record.password != null">
        password = #{record.password,jdbcType=VARCHAR},
      </if>
      <if test="record.gender != null">
        gender = #{record.gender,jdbcType=INTEGER},
      </if>
      <if test="record.email != null">
        email = #{record.email,jdbcType=VARCHAR},
      </if>
      <if test="record.realName != null">
        real_name = #{record.realName,jdbcType=VARCHAR},
      </if>
      <if test="record.registerTime != null">
        register_time = #{record.registerTime,jdbcType=TIMESTAMP},
      </if>
      <if test="record.province != null">
        province = #{record.province,jdbcType=VARCHAR},
      </if>
      <if test="record.city != null">
        city = #{record.city,jdbcType=VARCHAR},
      </if>
      <if test="record.town != null">
        town = #{record.town,jdbcType=VARCHAR},
      </if>
      <if test="record.addr != null">
        addr = #{record.addr,jdbcType=VARCHAR},
      </if>
      <if test="record.isDel != null">
        is_del = #{record.isDel,jdbcType=BIT},
      </if>
    </set>
    <if test="_parameter != null">
      <include refid="Update_By_Example_Where_Clause" />
    </if>
  </update>
  <update id="updateByExample" parameterType="map">
    update bbs_buyer
    set id = #{record.id,jdbcType=BIGINT},
      username = #{record.username,jdbcType=VARCHAR},
      password = #{record.password,jdbcType=VARCHAR},
      gender = #{record.gender,jdbcType=INTEGER},
      email = #{record.email,jdbcType=VARCHAR},
      real_name = #{record.realName,jdbcType=VARCHAR},
      register_time = #{record.registerTime,jdbcType=TIMESTAMP},
      province = #{record.province,jdbcType=VARCHAR},
      city = #{record.city,jdbcType=VARCHAR},
      town = #{record.town,jdbcType=VARCHAR},
      addr = #{record.addr,jdbcType=VARCHAR},
      is_del = #{record.isDel,jdbcType=BIT}
    <if test="_parameter != null">
      <include refid="Update_By_Example_Where_Clause" />
    </if>
  </update>
  <update id="updateByPrimaryKeySelective" parameterType="com.dawei.core.pojo.user.Buyer">
    update bbs_buyer
    <set>
      <if test="username != null">
        username = #{username,jdbcType=VARCHAR},
      </if>
      <if test="password != null">
        password = #{password,jdbcType=VARCHAR},
      </if>
      <if test="gender != null">
        gender = #{gender,jdbcType=INTEGER},
      </if>
      <if test="email != null">
        email = #{email,jdbcType=VARCHAR},
      </if>
      <if test="realName != null">
        real_name = #{realName,jdbcType=VARCHAR},
      </if>
      <if test="registerTime != null">
        register_time = #{registerTime,jdbcType=TIMESTAMP},
      </if>
      <if test="province != null">
        province = #{province,jdbcType=VARCHAR},
      </if>
      <if test="city != null">
        city = #{city,jdbcType=VARCHAR},
      </if>
      <if test="town != null">
        town = #{town,jdbcType=VARCHAR},
      </if>
      <if test="addr != null">
        addr = #{addr,jdbcType=VARCHAR},
      </if>
      <if test="isDel != null">
        is_del = #{isDel,jdbcType=BIT},
      </if>
    </set>
    where id = #{id,jdbcType=BIGINT}
  </update>
  <update id="updateByPrimaryKey" parameterType="com.dawei.core.pojo.user.Buyer">
    update bbs_buyer
    set username = #{username,jdbcType=VARCHAR},
      password = #{password,jdbcType=VARCHAR},
      gender = #{gender,jdbcType=INTEGER},
      email = #{email,jdbcType=VARCHAR},
      real_name = #{realName,jdbcType=VARCHAR},
      register_time = #{registerTime,jdbcType=TIMESTAMP},
      province = #{province,jdbcType=VARCHAR},
      city = #{city,jdbcType=VARCHAR},
      town = #{town,jdbcType=VARCHAR},
      addr = #{addr,jdbcType=VARCHAR},
      is_del = #{isDel,jdbcType=BIT}
    where id = #{id,jdbcType=BIGINT}
  </update>
  <resultMap id="BaseResultMap" type="com.dawei.core.pojo.user.Buyer">
    <id column="id" jdbcType="BIGINT" property="id" />
    <result column="username" jdbcType="VARCHAR" property="username" />
    <result column="password" jdbcType="VARCHAR" property="password" />
    <result column="gender" jdbcType="INTEGER" property="gender" />
    <result column="email" jdbcType="VARCHAR" property="email" />
    <result column="real_name" jdbcType="VARCHAR" property="realName" />
    <result column="register_time" jdbcType="TIMESTAMP" property="registerTime" />
    <result column="province" jdbcType="VARCHAR" property="province" />
    <result column="city" jdbcType="VARCHAR" property="city" />
    <result column="town" jdbcType="VARCHAR" property="town" />
    <result column="addr" jdbcType="VARCHAR" property="addr" />
    <result column="is_del" jdbcType="BIT" property="isDel" />
  </resultMap>
  <sql id="Example_Where_Clause">
    <where>
      <foreach collection="oredCriteria" item="criteria" separator="or">
        <if test="criteria.valid">
          <trim prefix="(" prefixOverrides="and" suffix=")">
            <foreach collection="criteria.criteria" item="criterion">
              <choose>
                <when test="criterion.noValue">
                  and ${criterion.condition}
                </when>
                <when test="criterion.singleValue">
                  and ${criterion.condition} #{criterion.value}
                </when>
                <when test="criterion.betweenValue">
                  and ${criterion.condition} #{criterion.value} and #{criterion.secondValue}
                </when>
                <when test="criterion.listValue">
                  and ${criterion.condition}
                  <foreach close=")" collection="criterion.value" item="listItem" open="(" separator=",">
                    #{listItem}
                  </foreach>
                </when>
              </choose>
            </foreach>
          </trim>
        </if>
      </foreach>
    </where>
  </sql>
  <sql id="Update_By_Example_Where_Clause">
    <where>
      <foreach collection="example.oredCriteria" item="criteria" separator="or">
        <if test="criteria.valid">
          <trim prefix="(" prefixOverrides="and" suffix=")">
            <foreach collection="criteria.criteria" item="criterion">
              <choose>
                <when test="criterion.noValue">
                  and ${criterion.condition}
                </when>
                <when test="criterion.singleValue">
                  and ${criterion.condition} #{criterion.value}
                </when>
                <when test="criterion.betweenValue">
                  and ${criterion.condition} #{criterion.value} and #{criterion.secondValue}
                </when>
                <when test="criterion.listValue">
                  and ${criterion.condition}
                  <foreach close=")" collection="criterion.value" item="listItem" open="(" separator=",">
                    #{listItem}
                  </foreach>
                </when>
              </choose>
            </foreach>
          </trim>
        </if>
      </foreach>
    </where>
  </sql>
  <sql id="Base_Column_List">
    <if test="fields == null">
      id, username, password, gender, email, real_name, register_time, province, city, 
      town, addr, is_del
    </if>
    <if test="fields != null">
      ${fields}
    </if>
  </sql>
  <select id="selectByExample" parameterType="com.dawei.core.pojo.user.BuyerQuery" resultMap="BaseResultMap">
    select
    <if test="distinct">
      distinct
    </if>
    <include refid="Base_Column_List" />
    from bbs_buyer
    <if test="_parameter != null">
      <include refid="Example_Where_Clause" />
    </if>
    <if test="orderByClause != null">
      order by ${orderByClause}
    </if>
    <if test="startRow != null">
      limit #{startRow} , #{pageSize}
    </if>
  </select>
  <select id="selectByPrimaryKey" parameterType="java.lang.Long" resultMap="BaseResultMap">
    select 
    id,username,password,gender,email,real_name,register_time,province,city,town,addr,is_del
    from bbs_buyer
    where id = #{id,jdbcType=BIGINT}
  </select>
  <delete id="deleteByPrimaryKey" parameterType="java.lang.Long">
    delete from bbs_buyer
    where id = #{id,jdbcType=BIGINT}
  </delete>
  <delete id="deleteByExample" parameterType="com.dawei.core.pojo.user.BuyerQuery">
    delete from bbs_buyer
    <if test="_parameter != null">
      <include refid="Example_Where_Clause" />
    </if>
  </delete>
  <insert id="insert" parameterType="com.dawei.core.pojo.user.Buyer">
    insert into bbs_buyer (id, username, password, 
      gender, email, real_name, 
      register_time, province, city, 
      town, addr, is_del)
    values (#{id,jdbcType=BIGINT}, #{username,jdbcType=VARCHAR}, #{password,jdbcType=VARCHAR}, 
      #{gender,jdbcType=INTEGER}, #{email,jdbcType=VARCHAR}, #{realName,jdbcType=VARCHAR}, 
      #{registerTime,jdbcType=TIMESTAMP}, #{province,jdbcType=VARCHAR}, #{city,jdbcType=VARCHAR}, 
      #{town,jdbcType=VARCHAR}, #{addr,jdbcType=VARCHAR}, #{isDel,jdbcType=BIT})
  </insert>
  <insert id="insertSelective" parameterType="com.dawei.core.pojo.user.Buyer">
    insert into bbs_buyer
    <trim prefix="(" suffix=")" suffixOverrides=",">
      <if test="id != null">
        id,
      </if>
      <if test="username != null">
        username,
      </if>
      <if test="password != null">
        password,
      </if>
      <if test="gender != null">
        gender,
      </if>
      <if test="email != null">
        email,
      </if>
      <if test="realName != null">
        real_name,
      </if>
      <if test="registerTime != null">
        register_time,
      </if>
      <if test="province != null">
        province,
      </if>
      <if test="city != null">
        city,
      </if>
      <if test="town != null">
        town,
      </if>
      <if test="addr != null">
        addr,
      </if>
      <if test="isDel != null">
        is_del,
      </if>
    </trim>
    <trim prefix="values (" suffix=")" suffixOverrides=",">
      <if test="id != null">
        #{id,jdbcType=BIGINT},
      </if>
      <if test="username != null">
        #{username,jdbcType=VARCHAR},
      </if>
      <if test="password != null">
        #{password,jdbcType=VARCHAR},
      </if>
      <if test="gender != null">
        #{gender,jdbcType=INTEGER},
      </if>
      <if test="email != null">
        #{email,jdbcType=VARCHAR},
      </if>
      <if test="realName != null">
        #{realName,jdbcType=VARCHAR},
      </if>
      <if test="registerTime != null">
        #{registerTime,jdbcType=TIMESTAMP},
      </if>
      <if test="province != null">
        #{province,jdbcType=VARCHAR},
      </if>
      <if test="city != null">
        #{city,jdbcType=VARCHAR},
      </if>
      <if test="town != null">
        #{town,jdbcType=VARCHAR},
      </if>
      <if test="addr != null">
        #{addr,jdbcType=VARCHAR},
      </if>
      <if test="isDel != null">
        #{isDel,jdbcType=BIT},
      </if>
    </trim>
  </insert>
  <select id="countByExample" parameterType="com.dawei.core.pojo.user.BuyerQuery" resultType="java.lang.Integer">
    select count(*) from bbs_buyer
    <if test="_parameter != null">
      <include refid="Example_Where_Clause" />
    </if>
  </select>
  <update id="updateByExampleSelective" parameterType="map">
    update bbs_buyer
    <set>
      <if test="record.id != null">
        id = #{record.id,jdbcType=BIGINT},
      </if>
      <if test="record.username != null">
        username = #{record.username,jdbcType=VARCHAR},
      </if>
      <if test="record.password != null">
        password = #{record.password,jdbcType=VARCHAR},
      </if>
      <if test="record.gender != null">
        gender = #{record.gender,jdbcType=INTEGER},
      </if>
      <if test="record.email != null">
        email = #{record.email,jdbcType=VARCHAR},
      </if>
      <if test="record.realName != null">
        real_name = #{record.realName,jdbcType=VARCHAR},
      </if>
      <if test="record.registerTime != null">
        register_time = #{record.registerTime,jdbcType=TIMESTAMP},
      </if>
      <if test="record.province != null">
        province = #{record.province,jdbcType=VARCHAR},
      </if>
      <if test="record.city != null">
        city = #{record.city,jdbcType=VARCHAR},
      </if>
      <if test="record.town != null">
        town = #{record.town,jdbcType=VARCHAR},
      </if>
      <if test="record.addr != null">
        addr = #{record.addr,jdbcType=VARCHAR},
      </if>
      <if test="record.isDel != null">
        is_del = #{record.isDel,jdbcType=BIT},
      </if>
    </set>
    <if test="_parameter != null">
      <include refid="Update_By_Example_Where_Clause" />
    </if>
  </update>
  <update id="updateByExample" parameterType="map">
    update bbs_buyer
    set id = #{record.id,jdbcType=BIGINT},
      username = #{record.username,jdbcType=VARCHAR},
      password = #{record.password,jdbcType=VARCHAR},
      gender = #{record.gender,jdbcType=INTEGER},
      email = #{record.email,jdbcType=VARCHAR},
      real_name = #{record.realName,jdbcType=VARCHAR},
      register_time = #{record.registerTime,jdbcType=TIMESTAMP},
      province = #{record.province,jdbcType=VARCHAR},
      city = #{record.city,jdbcType=VARCHAR},
      town = #{record.town,jdbcType=VARCHAR},
      addr = #{record.addr,jdbcType=VARCHAR},
      is_del = #{record.isDel,jdbcType=BIT}
    <if test="_parameter != null">
      <include refid="Update_By_Example_Where_Clause" />
    </if>
  </update>
  <update id="updateByPrimaryKeySelective" parameterType="com.dawei.core.pojo.user.Buyer">
    update bbs_buyer
    <set>
      <if test="username != null">
        username = #{username,jdbcType=VARCHAR},
      </if>
      <if test="password != null">
        password = #{password,jdbcType=VARCHAR},
      </if>
      <if test="gender != null">
        gender = #{gender,jdbcType=INTEGER},
      </if>
      <if test="email != null">
        email = #{email,jdbcType=VARCHAR},
      </if>
      <if test="realName != null">
        real_name = #{realName,jdbcType=VARCHAR},
      </if>
      <if test="registerTime != null">
        register_time = #{registerTime,jdbcType=TIMESTAMP},
      </if>
      <if test="province != null">
        province = #{province,jdbcType=VARCHAR},
      </if>
      <if test="city != null">
        city = #{city,jdbcType=VARCHAR},
      </if>
      <if test="town != null">
        town = #{town,jdbcType=VARCHAR},
      </if>
      <if test="addr != null">
        addr = #{addr,jdbcType=VARCHAR},
      </if>
      <if test="isDel != null">
        is_del = #{isDel,jdbcType=BIT},
      </if>
    </set>
    where id = #{id,jdbcType=BIGINT}
  </update>
  <update id="updateByPrimaryKey" parameterType="com.dawei.core.pojo.user.Buyer">
    update bbs_buyer
    set username = #{username,jdbcType=VARCHAR},
      password = #{password,jdbcType=VARCHAR},
      gender = #{gender,jdbcType=INTEGER},
      email = #{email,jdbcType=VARCHAR},
      real_name = #{realName,jdbcType=VARCHAR},
      register_time = #{registerTime,jdbcType=TIMESTAMP},
      province = #{province,jdbcType=VARCHAR},
      city = #{city,jdbcType=VARCHAR},
      town = #{town,jdbcType=VARCHAR},
      addr = #{addr,jdbcType=VARCHAR},
      is_del = #{isDel,jdbcType=BIT}
    where id = #{id,jdbcType=BIGINT}
  </update>
</mapper>