<?xml version="1.0" encoding="UTF-8"?>
<!DOCTYPE mapper PUBLIC "-//mybatis.org//DTD Mapper 3.0//EN" "http://mybatis.org/dtd/mybatis-3-mapper.dtd">
<mapper namespace="com.dawei.core.dao.order.DetailDao">
  <resultMap id="BaseResultMap" type="com.dawei.core.pojo.order.Detail">
    <id column="id" jdbcType="BIGINT" property="id" />
    <result column="order_id" jdbcType="BIGINT" property="orderId" />
    <result column="product_id" jdbcType="BIGINT" property="productId" />
    <result column="product_name" jdbcType="VARCHAR" property="productName" />
    <result column="color" jdbcType="VARCHAR" property="color" />
    <result column="size" jdbcType="VARCHAR" property="size" />
    <result column="price" jdbcType="REAL" property="price" />
    <result column="amount" jdbcType="INTEGER" property="amount" />
  </resultMap>
  <sql id="Example_Where_Clause">
    <where>
      <foreach collection="oredCriteria" item="criteria" separator="or">
        <if test="criteria.valid">
          <trim prefix="(" prefixOverrides="and" suffix=")">
            <foreach collection="criteria.criteria" item="criterion">
              <choose>
                <when test="criterion.noValue">
                  and ${criterion.condition}
                </when>
                <when test="criterion.singleValue">
                  and ${criterion.condition} #{criterion.value}
                </when>
                <when test="criterion.betweenValue">
                  and ${criterion.condition} #{criterion.value} and #{criterion.secondValue}
                </when>
                <when test="criterion.listValue">
                  and ${criterion.condition}
                  <foreach close=")" collection="criterion.value" item="listItem" open="(" separator=",">
                    #{listItem}
                  </foreach>
                </when>
              </choose>
            </foreach>
          </trim>
        </if>
      </foreach>
    </where>
  </sql>
  <sql id="Update_By_Example_Where_Clause">
    <where>
      <foreach collection="example.oredCriteria" item="criteria" separator="or">
        <if test="criteria.valid">
          <trim prefix="(" prefixOverrides="and" suffix=")">
            <foreach collection="criteria.criteria" item="criterion">
              <choose>
                <when test="criterion.noValue">
                  and ${criterion.condition}
                </when>
                <when test="criterion.singleValue">
                  and ${criterion.condition} #{criterion.value}
                </when>
                <when test="criterion.betweenValue">
                  and ${criterion.condition} #{criterion.value} and #{criterion.secondValue}
                </when>
                <when test="criterion.listValue">
                  and ${criterion.condition}
                  <foreach close=")" collection="criterion.value" item="listItem" open="(" separator=",">
                    #{listItem}
                  </foreach>
                </when>
              </choose>
            </foreach>
          </trim>
        </if>
      </foreach>
    </where>
  </sql>
  <sql id="Base_Column_List">
    <if test="fields == null">
      id, order_id, product_id, product_name, color, size, price, amount
    </if>
    <if test="fields != null">
      ${fields}
    </if>
  </sql>
  <select id="selectByExample" parameterType="com.dawei.core.pojo.order.DetailQuery" resultMap="BaseResultMap">
    select
    <if test="distinct">
      distinct
    </if>
    <include refid="Base_Column_List" />
    from bbs_detail
    <if test="_parameter != null">
      <include refid="Example_Where_Clause" />
    </if>
    <if test="orderByClause != null">
      order by ${orderByClause}
    </if>
    <if test="startRow != null">
      limit #{startRow} , #{pageSize}
    </if>
  </select>
  <select id="selectByPrimaryKey" parameterType="java.lang.Long" resultMap="BaseResultMap">
    select 
    id,order_id,product_id,product_name,color,size,price,amount
    from bbs_detail
    where id = #{id,jdbcType=BIGINT}
  </select>
  <delete id="deleteByPrimaryKey" parameterType="java.lang.Long">
    delete from bbs_detail
    where id = #{id,jdbcType=BIGINT}
  </delete>
  <delete id="deleteByExample" parameterType="com.dawei.core.pojo.order.DetailQuery">
    delete from bbs_detail
    <if test="_parameter != null">
      <include refid="Example_Where_Clause" />
    </if>
  </delete>
  <insert id="insert" parameterType="com.dawei.core.pojo.order.Detail">
    insert into bbs_detail (id, order_id, product_id, 
      product_name, color, size, 
      price, amount)
    values (#{id,jdbcType=BIGINT}, #{orderId,jdbcType=BIGINT}, #{productId,jdbcType=BIGINT}, 
      #{productName,jdbcType=VARCHAR}, #{color,jdbcType=VARCHAR}, #{size,jdbcType=VARCHAR}, 
      #{price,jdbcType=REAL}, #{amount,jdbcType=INTEGER})
  </insert>
  <insert id="insertSelective" parameterType="com.dawei.core.pojo.order.Detail">
    insert into bbs_detail
    <trim prefix="(" suffix=")" suffixOverrides=",">
      <if test="id != null">
        id,
      </if>
      <if test="orderId != null">
        order_id,
      </if>
      <if test="productId != null">
        product_id,
      </if>
      <if test="productName != null">
        product_name,
      </if>
      <if test="color != null">
        color,
      </if>
      <if test="size != null">
        size,
      </if>
      <if test="price != null">
        price,
      </if>
      <if test="amount != null">
        amount,
      </if>
    </trim>
    <trim prefix="values (" suffix=")" suffixOverrides=",">
      <if test="id != null">
        #{id,jdbcType=BIGINT},
      </if>
      <if test="orderId != null">
        #{orderId,jdbcType=BIGINT},
      </if>
      <if test="productId != null">
        #{productId,jdbcType=BIGINT},
      </if>
      <if test="productName != null">
        #{productName,jdbcType=VARCHAR},
      </if>
      <if test="color != null">
        #{color,jdbcType=VARCHAR},
      </if>
      <if test="size != null">
        #{size,jdbcType=VARCHAR},
      </if>
      <if test="price != null">
        #{price,jdbcType=REAL},
      </if>
      <if test="amount != null">
        #{amount,jdbcType=INTEGER},
      </if>
    </trim>
  </insert>
  <select id="countByExample" parameterType="com.dawei.core.pojo.order.DetailQuery" resultType="java.lang.Integer">
    select count(*) from bbs_detail
    <if test="_parameter != null">
      <include refid="Example_Where_Clause" />
    </if>
  </select>
  <update id="updateByExampleSelective" parameterType="map">
    update bbs_detail
    <set>
      <if test="record.id != null">
        id = #{record.id,jdbcType=BIGINT},
      </if>
      <if test="record.orderId != null">
        order_id = #{record.orderId,jdbcType=BIGINT},
      </if>
      <if test="record.productId != null">
        product_id = #{record.productId,jdbcType=BIGINT},
      </if>
      <if test="record.productName != null">
        product_name = #{record.productName,jdbcType=VARCHAR},
      </if>
      <if test="record.color != null">
        color = #{record.color,jdbcType=VARCHAR},
      </if>
      <if test="record.size != null">
        size = #{record.size,jdbcType=VARCHAR},
      </if>
      <if test="record.price != null">
        price = #{record.price,jdbcType=REAL},
      </if>
      <if test="record.amount != null">
        amount = #{record.amount,jdbcType=INTEGER},
      </if>
    </set>
    <if test="_parameter != null">
      <include refid="Update_By_Example_Where_Clause" />
    </if>
  </update>
  <update id="updateByExample" parameterType="map">
    update bbs_detail
    set id = #{record.id,jdbcType=BIGINT},
      order_id = #{record.orderId,jdbcType=BIGINT},
      product_id = #{record.productId,jdbcType=BIGINT},
      product_name = #{record.productName,jdbcType=VARCHAR},
      color = #{record.color,jdbcType=VARCHAR},
      size = #{record.size,jdbcType=VARCHAR},
      price = #{record.price,jdbcType=REAL},
      amount = #{record.amount,jdbcType=INTEGER}
    <if test="_parameter != null">
      <include refid="Update_By_Example_Where_Clause" />
    </if>
  </update>
  <update id="updateByPrimaryKeySelective" parameterType="com.dawei.core.pojo.order.Detail">
    update bbs_detail
    <set>
      <if test="orderId != null">
        order_id = #{orderId,jdbcType=BIGINT},
      </if>
      <if test="productId != null">
        product_id = #{productId,jdbcType=BIGINT},
      </if>
      <if test="productName != null">
        product_name = #{productName,jdbcType=VARCHAR},
      </if>
      <if test="color != null">
        color = #{color,jdbcType=VARCHAR},
      </if>
      <if test="size != null">
        size = #{size,jdbcType=VARCHAR},
      </if>
      <if test="price != null">
        price = #{price,jdbcType=REAL},
      </if>
      <if test="amount != null">
        amount = #{amount,jdbcType=INTEGER},
      </if>
    </set>
    where id = #{id,jdbcType=BIGINT}
  </update>
  <update id="updateByPrimaryKey" parameterType="com.dawei.core.pojo.order.Detail">
    update bbs_detail
    set order_id = #{orderId,jdbcType=BIGINT},
      product_id = #{productId,jdbcType=BIGINT},
      product_name = #{productName,jdbcType=VARCHAR},
      color = #{color,jdbcType=VARCHAR},
      size = #{size,jdbcType=VARCHAR},
      price = #{price,jdbcType=REAL},
      amount = #{amount,jdbcType=INTEGER}
    where id = #{id,jdbcType=BIGINT}
  </update>
  <resultMap id="BaseResultMap" type="com.dawei.core.pojo.order.Detail">
    <id column="id" jdbcType="BIGINT" property="id" />
    <result column="order_id" jdbcType="BIGINT" property="orderId" />
    <result column="product_id" jdbcType="BIGINT" property="productId" />
    <result column="product_name" jdbcType="VARCHAR" property="productName" />
    <result column="color" jdbcType="VARCHAR" property="color" />
    <result column="size" jdbcType="VARCHAR" property="size" />
    <result column="price" jdbcType="REAL" property="price" />
    <result column="amount" jdbcType="INTEGER" property="amount" />
  </resultMap>
  <sql id="Example_Where_Clause">
    <where>
      <foreach collection="oredCriteria" item="criteria" separator="or">
        <if test="criteria.valid">
          <trim prefix="(" prefixOverrides="and" suffix=")">
            <foreach collection="criteria.criteria" item="criterion">
              <choose>
                <when test="criterion.noValue">
                  and ${criterion.condition}
                </when>
                <when test="criterion.singleValue">
                  and ${criterion.condition} #{criterion.value}
                </when>
                <when test="criterion.betweenValue">
                  and ${criterion.condition} #{criterion.value} and #{criterion.secondValue}
                </when>
                <when test="criterion.listValue">
                  and ${criterion.condition}
                  <foreach close=")" collection="criterion.value" item="listItem" open="(" separator=",">
                    #{listItem}
                  </foreach>
                </when>
              </choose>
            </foreach>
          </trim>
        </if>
      </foreach>
    </where>
  </sql>
  <sql id="Update_By_Example_Where_Clause">
    <where>
      <foreach collection="example.oredCriteria" item="criteria" separator="or">
        <if test="criteria.valid">
          <trim prefix="(" prefixOverrides="and" suffix=")">
            <foreach collection="criteria.criteria" item="criterion">
              <choose>
                <when test="criterion.noValue">
                  and ${criterion.condition}
                </when>
                <when test="criterion.singleValue">
                  and ${criterion.condition} #{criterion.value}
                </when>
                <when test="criterion.betweenValue">
                  and ${criterion.condition} #{criterion.value} and #{criterion.secondValue}
                </when>
                <when test="criterion.listValue">
                  and ${criterion.condition}
                  <foreach close=")" collection="criterion.value" item="listItem" open="(" separator=",">
                    #{listItem}
                  </foreach>
                </when>
              </choose>
            </foreach>
          </trim>
        </if>
      </foreach>
    </where>
  </sql>
  <sql id="Base_Column_List">
    <if test="fields == null">
      id, order_id, product_id, product_name, color, size, price, amount
    </if>
    <if test="fields != null">
      ${fields}
    </if>
  </sql>
  <select id="selectByExample" parameterType="com.dawei.core.pojo.order.DetailQuery" resultMap="BaseResultMap">
    select
    <if test="distinct">
      distinct
    </if>
    <include refid="Base_Column_List" />
    from bbs_detail
    <if test="_parameter != null">
      <include refid="Example_Where_Clause" />
    </if>
    <if test="orderByClause != null">
      order by ${orderByClause}
    </if>
    <if test="startRow != null">
      limit #{startRow} , #{pageSize}
    </if>
  </select>
  <select id="selectByPrimaryKey" parameterType="java.lang.Long" resultMap="BaseResultMap">
    select 
    id,order_id,product_id,product_name,color,size,price,amount
    from bbs_detail
    where id = #{id,jdbcType=BIGINT}
  </select>
  <delete id="deleteByPrimaryKey" parameterType="java.lang.Long">
    delete from bbs_detail
    where id = #{id,jdbcType=BIGINT}
  </delete>
  <delete id="deleteByExample" parameterType="com.dawei.core.pojo.order.DetailQuery">
    delete from bbs_detail
    <if test="_parameter != null">
      <include refid="Example_Where_Clause" />
    </if>
  </delete>
  <insert id="insert" parameterType="com.dawei.core.pojo.order.Detail">
    insert into bbs_detail (id, order_id, product_id, 
      product_name, color, size, 
      price, amount)
    values (#{id,jdbcType=BIGINT}, #{orderId,jdbcType=BIGINT}, #{productId,jdbcType=BIGINT}, 
      #{productName,jdbcType=VARCHAR}, #{color,jdbcType=VARCHAR}, #{size,jdbcType=VARCHAR}, 
      #{price,jdbcType=REAL}, #{amount,jdbcType=INTEGER})
  </insert>
  <insert id="insertSelective" parameterType="com.dawei.core.pojo.order.Detail">
    insert into bbs_detail
    <trim prefix="(" suffix=")" suffixOverrides=",">
      <if test="id != null">
        id,
      </if>
      <if test="orderId != null">
        order_id,
      </if>
      <if test="productId != null">
        product_id,
      </if>
      <if test="productName != null">
        product_name,
      </if>
      <if test="color != null">
        color,
      </if>
      <if test="size != null">
        size,
      </if>
      <if test="price != null">
        price,
      </if>
      <if test="amount != null">
        amount,
      </if>
    </trim>
    <trim prefix="values (" suffix=")" suffixOverrides=",">
      <if test="id != null">
        #{id,jdbcType=BIGINT},
      </if>
      <if test="orderId != null">
        #{orderId,jdbcType=BIGINT},
      </if>
      <if test="productId != null">
        #{productId,jdbcType=BIGINT},
      </if>
      <if test="productName != null">
        #{productName,jdbcType=VARCHAR},
      </if>
      <if test="color != null">
        #{color,jdbcType=VARCHAR},
      </if>
      <if test="size != null">
        #{size,jdbcType=VARCHAR},
      </if>
      <if test="price != null">
        #{price,jdbcType=REAL},
      </if>
      <if test="amount != null">
        #{amount,jdbcType=INTEGER},
      </if>
    </trim>
  </insert>
  <select id="countByExample" parameterType="com.dawei.core.pojo.order.DetailQuery" resultType="java.lang.Integer">
    select count(*) from bbs_detail
    <if test="_parameter != null">
      <include refid="Example_Where_Clause" />
    </if>
  </select>
  <update id="updateByExampleSelective" parameterType="map">
    update bbs_detail
    <set>
      <if test="record.id != null">
        id = #{record.id,jdbcType=BIGINT},
      </if>
      <if test="record.orderId != null">
        order_id = #{record.orderId,jdbcType=BIGINT},
      </if>
      <if test="record.productId != null">
        product_id = #{record.productId,jdbcType=BIGINT},
      </if>
      <if test="record.productName != null">
        product_name = #{record.productName,jdbcType=VARCHAR},
      </if>
      <if test="record.color != null">
        color = #{record.color,jdbcType=VARCHAR},
      </if>
      <if test="record.size != null">
        size = #{record.size,jdbcType=VARCHAR},
      </if>
      <if test="record.price != null">
        price = #{record.price,jdbcType=REAL},
      </if>
      <if test="record.amount != null">
        amount = #{record.amount,jdbcType=INTEGER},
      </if>
    </set>
    <if test="_parameter != null">
      <include refid="Update_By_Example_Where_Clause" />
    </if>
  </update>
  <update id="updateByExample" parameterType="map">
    update bbs_detail
    set id = #{record.id,jdbcType=BIGINT},
      order_id = #{record.orderId,jdbcType=BIGINT},
      product_id = #{record.productId,jdbcType=BIGINT},
      product_name = #{record.productName,jdbcType=VARCHAR},
      color = #{record.color,jdbcType=VARCHAR},
      size = #{record.size,jdbcType=VARCHAR},
      price = #{record.price,jdbcType=REAL},
      amount = #{record.amount,jdbcType=INTEGER}
    <if test="_parameter != null">
      <include refid="Update_By_Example_Where_Clause" />
    </if>
  </update>
  <update id="updateByPrimaryKeySelective" parameterType="com.dawei.core.pojo.order.Detail">
    update bbs_detail
    <set>
      <if test="orderId != null">
        order_id = #{orderId,jdbcType=BIGINT},
      </if>
      <if test="productId != null">
        product_id = #{productId,jdbcType=BIGINT},
      </if>
      <if test="productName != null">
        product_name = #{productName,jdbcType=VARCHAR},
      </if>
      <if test="color != null">
        color = #{color,jdbcType=VARCHAR},
      </if>
      <if test="size != null">
        size = #{size,jdbcType=VARCHAR},
      </if>
      <if test="price != null">
        price = #{price,jdbcType=REAL},
      </if>
      <if test="amount != null">
        amount = #{amount,jdbcType=INTEGER},
      </if>
    </set>
    where id = #{id,jdbcType=BIGINT}
  </update>
  <update id="updateByPrimaryKey" parameterType="com.dawei.core.pojo.order.Detail">
    update bbs_detail
    set order_id = #{orderId,jdbcType=BIGINT},
      product_id = #{productId,jdbcType=BIGINT},
      product_name = #{productName,jdbcType=VARCHAR},
      color = #{color,jdbcType=VARCHAR},
      size = #{size,jdbcType=VARCHAR},
      price = #{price,jdbcType=REAL},
      amount = #{amount,jdbcType=INTEGER}
    where id = #{id,jdbcType=BIGINT}
  </update>
</mapper>